text,label
"Regular physical activity and a balanced diet help reduce the risk of cardiovascular disease.",0
"This herbal tea guarantees a 100% cure for stage 4 cancer in just two weeks.",1
"Drinking lemon water with baking soda completely eliminates all viruses and cancer cells overnight.",1
"Type 2 diabetes can often be managed through lifestyle modifications, healthy diet, and prescribed medications.",0
"Big pharma is hiding the secret miracle plant that cures Alzheimer's instantly.",1
"Vaccines undergo rigorous clinical trials and continuous safety monitoring before approval by health agencies.",0
"Stop taking your insulin immediately and eat bitter gourd to cure diabetes permanently.",1
"Antibiotics are specifically designed to treat bacterial infections and are ineffective against viral illnesses like the common cold.",0
"Apply this magnetic patch to your forehead and say goodbye to chronic migraines forever with zero side effects.",1
"Hypertension is a chronic condition that typically requires long-term monitoring and adherence to prescribed antihypertensive drugs.",0
"Doctors don't want you to know about this ancient root that restores full eyesight in 3 days.",1
"Chemotherapy and radiation therapy are evidence-based oncology treatments developed through extensive clinical research.",0
"Boiling garlic water and breathing the steam eliminates COVID-19 from your lungs immediately with no doctor needed.",1
"A high sodium intake is clinically associated with elevated blood pressure in salt-sensitive individuals.",0
"Drinking colloidal silver daily prevents all bacterial, viral, and fungal infections permanently.",1
"Maintaining adequate hydration supports renal function and healthy metabolic processes.",0
"Rubbing raw onion slices on your feet will draw out all toxins and cure pneumonia overnight.",1
"Consistent hand hygiene with soap and water significantly reduces the transmission of enteric and respiratory pathogens.",0
"This secret frequency sound wave dissolves kidney stones in 10 minutes without surgery or medication.",1
"Asthma management typically involves avoiding known environmental triggers and using prescribed inhalers such as corticosteroids.",0
"Eat this rare Amazonian berry to melt 30kg of belly fat in 7 days without exercise or diet changes.",1
"Clinical depression is a multifaceted medical condition influenced by genetic, biological, and psychosocial factors.",0
"Drinking pure hydrogen peroxide cures arthritis and cleanses your bloodstream of all diseases.",1
"Routine mammography screening aids in the early detection of breast cancer in recommended age groups.",0
"Never visit a hospital again because this electrical wristband purifies your blood 24/7.",1
"Colorectal cancer screening, such as colonoscopy, allows for the detection and removal of precancerous polyps.",0
"Miracle mineral solution cures autism and HIV within 48 hours guaranteed.",1
"Regular sleep schedules of 7 to 9 hours for adults are vital for cognitive performance and immune system support.",0
"Eliminate all toxic heavy metals and cure vitiligo with this one simple kitchen spice.",1
"Human papillomavirus (HPV) vaccination significantly reduces the incidence of cervical cancer and related lesions.",0
"Throw away your prescription inhaler and inhale eucalyptus oil smoke to cure asthma instantly.",1
"Coronary artery disease is caused by the buildup of plaque in the arteries that supply blood to the heart.",0
"This bio-resonance scalar pendant shields your cells from cancer-causing 5G radiation and cures chronic fatigue.",1
"Tuberculosis requires a multi-drug antimicrobial regimen taken consistently over several months to achieve eradication and prevent resistance.",0
"Eating raw apricot seeds provides vitamin B17 which 100% destroys tumors while leaving healthy cells untouched.",1
"Chronic kidney disease progression can be slowed by managing blood pressure and glycemic levels under nephrology supervision.",0
"No doctor needed when you have this quantum vibration water that regenerates damaged spinal cartilage in 24 hours.",1
"Osteoporosis increases fracture risk and can be diagnosed through bone mineral density scans like DEXA.",0
"Rubbing essential oils directly into open wounds disinfects better than hospital antiseptics and heals cuts in hours.",1
"Cardiopulmonary resuscitation (CPR) combined with early defibrillation significantly improves survival rates in out-of-hospital cardiac arrest.",0
"Guaranteed cure for hair loss and baldness by applying fermented cabbage paste twice daily.",1
"Statins are prescribed by cardiologists to reduce LDL cholesterol and lower the risk of heart attacks and stroke.",0
"This energy wand re-aligns your cellular DNA to reverse diabetes and stage 3 kidney failure without medicine.",1
"Glaucoma is characterized by progressive optic nerve damage, often associated with increased intraocular pressure, requiring ophthalmologic care.",0
"Drinking alkaline water with a pH of 9.5 neutralizes all bodily acidity and makes it impossible for cancer to survive.",1
"Thyroid disorders such as hypothyroidism are typically treated with synthetic hormone replacement like levothyroxine.",0
"Miracle detox foot pads turn black overnight by absorbing all metabolic poisons and curing liver disease.",1
"Melanoma is a serious form of skin cancer that requires dermatological evaluation, biopsy, and potential surgical excision.",0
"Stop taking your blood pressure pills and use this herbal tincture that permanently fixes hypertension in 5 days.",1
"Proper dental hygiene including daily brushing and flossing prevents periodontal disease and dental caries.",0
"Consuming sea moss gel cures 102 distinct human illnesses including lupus, diabetes, and multiple sclerosis.",1
"Parkinson's disease symptoms can be managed using dopaminergic medications and specialized physical therapy.",0
"Put crystals under your pillow to cure clinical insomnia and balance endocrine hormones naturally.",1
"Epilepsy is a neurological disorder managed with antiepileptic medications under neurologist supervision.",0
"This secret government-banned supplement cures chronic pain and regenerates arthritic knees in 72 hours.",1
"Dietary fiber from whole grains, legumes, and vegetables supports gastrointestinal motility and healthy gut microbiota.",0
"Vaginal steaming with herbs cleanses the uterus and guarantees fertility regardless of age.",1
"Iron deficiency anemia is diagnosed with blood tests such as ferritin and CBC, and treated with oral iron supplementation or dietary adjustment.",0
"Eating pure activated charcoal every morning strips all diseases and viral pathogens from your body.",1
"Vaccination against influenza is recommended annually because influenza viruses constantly mutate.",0
"Spray this colloidal copper water in your eyes to cure cataracts and eliminate the need for glasses.",1
"Hepatitis B and C are viral infections affecting the liver that require diagnosis through serological testing and specific antiviral therapies.",0
"Drink raw unpasteurized milk to build total immunity against all infections and never get sick again.",1
"Stroke symptoms require immediate emergency medical attention, often characterized by the FAST acronym: Face, Arms, Speech, Time.",0
"This ancient Himalayan salt pipe eliminates chronic obstructive pulmonary disease in just 1 week guaranteed.",1
"Regular moderate aerobic exercise improves insulin sensitivity and cardiovascular endurance.",0
"Chewing raw ginger root continuously cures acute appendicitis without needing surgical intervention.",1
"Celiac disease is an autoimmune condition triggered by gluten ingestion, requiring strict adherence to a gluten-free diet.",0
"Wearing copper bracelets permanently relieves osteoarthritis joint inflammation and replaces prescription NSAIDs.",1
"Sunscreen with broad-spectrum UVA and UVB protection helps prevent actinic damage and reduces the risk of skin carcinoma.",0
"Drink 2 liters of celery juice every morning on an empty stomach to completely cure rheumatoid arthritis.",1
"Lyme disease is caused by Borrelia burgdorferi transmitted by tick bites and is treated with appropriate antibiotics like doxycycline.",0
"This magnetic mattress pad corrects cellular magnetic fields and halts tumor growth while you sleep.",1
"Gastroesophageal reflux disease (GERD) symptoms can be alleviated through dietary changes, elevated head positioning, and antacids or PPIs.",0
"Instantly cure strep throat by gargling concentrated oregano oil without taking antibiotics.",1
"Regular prenatal checkups and folic acid supplementation during pregnancy help reduce the risk of neural tube defects.",0
"This frequency therapy device kills 100% of human parasites and reverses autoimmune disease in 48 hours.",1
"Psoriasis is a chronic autoimmune dermatological condition treated with topical corticosteroids, phototherapy, or systemic biologic agents.",0
"Stop dialysis treatments and drink dandelion root tea to restore 100% of kidney function in two weeks.",1
"Mammography and clinical breast exams are standard screening modalities for early detection of breast pathology.",0
"Baking soda baths neutralize acidic blood and cure metastatic cancer without surgery or chemotherapy.",1
"Proper management of high blood pressure involves reducing sodium intake, engaging in physical activity, and following medical advice.",0
"This miracle herbal blend guarantees complete eradication of herpes simplex virus from the nervous system forever.",1
"Type 1 diabetes is an autoimmune condition where the pancreas produces little or no insulin, necessitating lifelong insulin therapy.",0
"Put garlic cloves inside your ear canal to eliminate middle ear infections in 2 hours with no doctor required.",1
"Routine pediatric vaccinations provide individual and herd immunity against dangerous communicable diseases such as measles and polio.",0
"Eating soursop fruit is 10000 times stronger than chemotherapy and kills cancer cells with zero adverse effects.",1
"Evidence-based guidelines recommend consulting a certified physician before starting or discontinuing any prescription medication.",0
